;X001_Name;X002_Street;X003_PEastcode;X004_City;X006_Country;X010_Lon;X011_Lat;X012_NoRooms;X014_CheckIn;X016_MultiLang;X022_ConfOrMeetingRooms;X025_Pool;X026_RestaurantOrCafe;X027_Fitnesscenter;X029_FreeInternet;X035_BarOrLounge;X040_FreeParking;X046_PayOptions;X052_RoomService;X055_Minibar;X098_DistanceSerraDeTramuntana;X099_DistanceCathedralLeSeu;X100_DistanceAlcudiaOldTown;X102_DistanceToBeach;X103LocationBeach
2;Castillo Hotel Son Vida, a Luxury Collection Hotel;Carrer Raixa 2;7013;#NV;Spain;2,595691;39,59249;164;3:00 PM;TRUE;TRUE;TRUE;TRUE;TRUE;TRUE;TRUE;TRUE;MasterCard; American Express; Diners Club Card; Visa;TRUE;TRUE;8,128233348;5,250090423;53,41993473;#NV;West
3;The St. Regis Mardavall Mallorca Resort;Carretera Palma-Andratx 19;7181;CEasta d'en Blanes;Spain;2,551003;39,52786;130;3:00 PM;TRUE;TRUE;TRUE;TRUE;TRUE;TRUE;TRUE;TRUE;MasterCard; American Express; Diners Club Card; Visa;TRUE;TRUE;7,46376685;9,363085917;60,66968841;0,250479171;West
4;Hotel Nixe Palace;Avda Joan Miro 269;7015;Cala Major;Spain;2,607731;39,55271;133;3:00 PM;TRUE;TRUE;TRUE;TRUE;TRUE;TRUE;TRUE;FALSE;MasterCard; American Express; Diners Club Card; JCB International; Visa;TRUE;FALSE;9,704314515;3,778236034;55,12635437;0,037281655;West
5;ME Mallorca;Avenida Notario Alemany 1;7181;Calvia;Spain;2,532252;39,50379;253;3:00 PM;TRUE;TRUE;TRUE;TRUE;TRUE;TRUE;TRUE;FALSE;MasterCard; American Express; Visa;TRUE;TRUE;9,203319481;12,14378639;63,56865335;0,107408422;West
6;Hotel Isla Mallorca & Spa;Pilar Juncosa 7;7014;Palma de Mallorca;Spain;2,627759;39,5691;153;2:00 PM;TRUE;TRUE;TRUE;TRUE;TRUE;TRUE;TRUE;FALSE;American Express; Visa; MasterCard;TRUE;TRUE;10,92202388;1,707836419;52,65864377;2,522120913;West
7;Gran Melia Victoria;Avenida Joan Miro 21;7014;Palma de Mallorca;Spain;2,626201;39,56392;171;2:00 PM;TRUE;TRUE;TRUE;TRUE;TRUE;TRUE;TRUE;TRUE;MasterCard; American Express; Diners Club Card; JCB International; Visa;TRUE;TRUE;10,88859554;1,868112455;53,11274096;2,027722469;West
8;Belmond La Residencia;Son Canals s/n;7179;Deia;Spain;2,648812;39,74985;61;3:00 PM;FALSE;TRUE;TRUE;TRUE;TRUE;TRUE;FALSE;TRUE;American Express; Visa; MasterCard;TRUE;FALSE;22,40020516;20,28412712;41,90848006;1,29202263;North
10;IberEastar Alcudia Park;Avenida Albufera 30-Las Gaviotas;7408;Playa de Muro;Spain;3,116396;39,81178;366;2:00 PM;TRUE;FALSE;TRUE;TRUE;FALSE;FALSE;FALSE;FALSE;American Express; Visa; MasterCard; Maestro;FALSE;TRUE;58,38525622;48,42640452;4,59718392;0,086452301;East
11;Hotel CEasta Azul;Avenida Gabriel Roca 7;7014;Palma de Mallorca;Spain;2,634994;39,56891;126;2:00 PM;TRUE;TRUE;TRUE;TRUE;TRUE;TRUE;TRUE;FALSE;MasterCard; Visa; American Express;TRUE;FALSE;11,53855759;1,09105806;52,17758523;1,979735846;West
12;Santa Clara Urban Hotel & Spa;Sant Alonso 16;7001;Palma de Mallorca;Spain;2,652266;39,56692;20;12:00 PM;FALSE;TRUE;FALSE;TRUE;FALSE;TRUE;TRUE;FALSE;MasterCard; American Express; Visa;TRUE;FALSE;13,03443037;0,405353876;51,14743867;0,531598784;West
13;GPRO ValparaIso Palace & SPA;Francisco Vidal Sureda 23;7015;Palma de Mallorca;Spain;2,619667;39,55567;174;3:00 PM;FALSE;TRUE;TRUE;TRUE;TRUE;TRUE;TRUE;TRUE;MasterCard; American Express; Diners Club Card; Visa;TRUE;TRUE;10,56863885;2,717194675;54,11545137;1,027456233;West
16;Pollentia Club Resort;Carretera de Alcudia-Pto. de Pollensa km. 2;7400;Alcudia;Spain;3,090663;39,8649;508;2:00 PM;TRUE;TRUE;TRUE;TRUE;TRUE;TRUE;TRUE;TRUE;MasterCard; American Express; Visa;FALSE;FALSE;59,28877685;50,27890333;2,905982749;0,223925094;East
18;Cap Rocat;Ctra. d'Enderrocat s/n;7609;Cala Blava;Spain;2,724351;39,47609;25;3:00 PM;FALSE;TRUE;TRUE;TRUE;TRUE;TRUE;TRUE;TRUE;MasterCard; American Express; Visa;TRUE;FALSE;22,49855377;12,08596293;53,90081043;1,352559901;West
20;IberEastar Ciudad Blanca;Juan Carlos I 43;7408;Port d'Alcudia;Spain;3,117542;39,83187;303;3:00 PM;TRUE;FALSE;TRUE;TRUE;FALSE;FALSE;FALSE;FALSE;MasterCard; American Express; Visa;FALSE;FALSE;59,47057865;49,7873888;2,366429149;0,124885842;East
25;HM Balanguera;Calle Balanguera 37;7011;Palma de Mallorca;Spain;2,641874;39,57975;40;1:00 PM;TRUE;TRUE;TRUE;TRUE;FALSE;TRUE;TRUE;FALSE;MasterCard; American Express; Visa;TRUE;FALSE;12,02372386;1,465644578;50,98155002;2,185047828;West
27;IBEREastAR Albufera Park;Playa de Muro s/n;7408;Playa de Muro;Spain;3,127479;39,78701;250;2:00 PM;TRUE;TRUE;TRUE;TRUE;TRUE;TRUE;TRUE;TRUE;MasterCard; American Express; Visa;FALSE;TRUE;58,12158019;47,7560216;7,353628483;0,223795228;East
29;Melia Palas Atenea;Avinguda de Gabriel Roca 29;7014;Palma de Mallorca;Spain;2,627974;39,56471;361;3:00 PM;FALSE;TRUE;TRUE;TRUE;TRUE;TRUE;TRUE;FALSE;MasterCard; JCB International; Visa; American Express; Diners Club Card;TRUE;FALSE;11,02081667;1,702542976;52,93875937;2,190462215;West
33;Finca Hotel Son Palou;Plaza de la Iglesia s/n;7349;Orient;Spain;2,759352;39,73448;12;1:00 PM;TRUE;FALSE;TRUE;TRUE;FALSE;TRUE;TRUE;TRUE;MasterCard; American Express; Visa;TRUE;FALSE;27,73320529;20,89362529;33,56862872;8,377926267;Center
35;Barcelo Formentor;C/ Playa de Formentor 3;7470;Port de Pollenca;Spain;3,144602;39,92717;122;4:00 PM;TRUE;TRUE;TRUE;TRUE;TRUE;TRUE;TRUE;TRUE;MasterCard; American Express; Diners Club Card; Visa;TRUE;FALSE;66,92545824;58,32948749;8,483874644;0,132697486;East
36;H10 Blue Mar;Camino del Salinar 8;7160;Camp De Mar;Spain;2,424313;39,53763;101;2:00 PM;TRUE;FALSE;TRUE;TRUE;TRUE;TRUE;TRUE;TRUE;MasterCard; Visa; American Express; Diners Club Card;TRUE;FALSE;8,329078967;19,40972113;69,11114224;0,036640358;West
38;TRYP Palma Bellver Hotel;Paseo Maritimo 11;7014;Palma de Mallorca;Spain;2,631216;39,56839;384;2:00 PM;TRUE;TRUE;TRUE;TRUE;TRUE;TRUE;TRUE;FALSE;MasterCard; American Express; Diners Club Card; JCB International; Visa;TRUE;FALSE;11,22646488;1,405232919;52,47001981;2,279852757;West
39;Hilton Sa Torre Mallorca;Cami Sa Torre KM 87;7609;Llucmajor;Spain;2,800086;39,4384;90;2:00 PM;TRUE;TRUE;TRUE;TRUE;TRUE;FALSE;TRUE;TRUE;MasterCard; American Express; Visa;TRUE;FALSE;30,22852673;19,39610511;53,63232833;7,531647414;West
40;Finca Es Castell;C Binibona s/n;7314;Caimari;Spain;2,927287;39,78837;12;2:00 PM;TRUE;FALSE;TRUE;TRUE;FALSE;TRUE;TRUE;TRUE;American Express; Visa; MasterCard; Maestro; EC Card;FALSE;FALSE;42,95810143;34,28860703;18,02509727;12,15159365;Center
41;Hotel UR Portofino;Trafalgar 24;7007;Palma de Mallorca;Spain;2,691834;39,55162;70;3:00 PM;TRUE;FALSE;TRUE;TRUE;FALSE;TRUE;TRUE;FALSE;MasterCard; American Express; Visa;FALSE;FALSE;16,6722191;4,174372144;49,67620209;0,095952956;West
44;Gran Hotel Son Net;C/ Castillo de Son Net s/n;7194;Puigpunyent;Spain;2,5245;39,62367;31;3:00 PM;TRUE;TRUE;TRUE;TRUE;TRUE;TRUE;TRUE;TRUE;MasterCard; American Express; Visa;TRUE;FALSE;4,911953871;12,2577368;56,98503757;5,938636606;Center
50;Intertur Hotel Hawaii Mallorca & Suites;Calle Torrenova 1;7181;#NV;Spain;2,541972;39,51276;230;2:00 PM;TRUE;FALSE;TRUE;TRUE;TRUE;TRUE;TRUE;TRUE;MasterCard; Visa;FALSE;TRUE;8,555010826;10,89102915;62,29987733;#NV;West
51;Aparthotel Ferrera Blanca;Sa Partio s/n;7669;Cala d'Or;Spain;3,236696;39,38025;183;2:00 PM;FALSE;FALSE;TRUE;TRUE;FALSE;TRUE;TRUE;FALSE;American Express; Visa; MasterCard;FALSE;FALSE;66,96018841;54,64111433;53,45732393;0,109453968;South
52;Hotel BonSol Resort & Spa;Paseo de Illetas 30;7181;Illetes;Spain;2,592568;39,54013;93;3:00 PM;FALSE;TRUE;TRUE;TRUE;TRUE;TRUE;TRUE;TRUE;American Express; Visa; MasterCard;TRUE;FALSE;9,146447924;5,596531541;57,00855256;0,072781583;West
54;Catalonia Majorica Hotel;C/ Garita 3;7015;Palma de Mallorca;Spain;2,622087;39,55606;168;2:00 PM;FALSE;TRUE;TRUE;TRUE;TRUE;TRUE;TRUE;FALSE;MasterCard; American Express; Diners Club Card; JCB International; Visa;TRUE;FALSE;10,7550096;2,514970445;53,9251253;1,113909562;West
56;Hotel L'Avenida;Gran Via 9;7100;Sóller;Spain;2,712456;39,76642;12;3:00 PM;FALSE;FALSE;TRUE;TRUE;FALSE;TRUE;TRUE;FALSE;Visa; MasterCard;TRUE;FALSE;27,20434682;22,81080098;36,17586785;3,141277589;North
57;Hotel Saratoga;Paseo de Mallorca 6;7012;#NV;Spain;2,642288;39,57181;187;1:00 PM;FALSE;FALSE;TRUE;TRUE;TRUE;TRUE;FALSE;FALSE;MasterCard; Visa;TRUE;FALSE;12,11967512;0,673828946;51,48563848;#NV;West
59;Gran Hotel Soller;C/ Romaguera 18;7100;Sóller;Spain;2,714542;39,76767;38;3:00 PM;TRUE;TRUE;TRUE;TRUE;TRUE;TRUE;TRUE;TRUE;American Express; Visa; MasterCard; Maestro;TRUE;FALSE;27,42654018;22,98935439;35,96708088;3,113601139;North
63;Hotel Son Matias Beach;Duque de Extremera 2;7181;Palmanova;Spain;2,537488;39,51477;135;2:00 PM;FALSE;FALSE;TRUE;TRUE;FALSE;TRUE;TRUE;TRUE;MasterCard; American Express; Visa;FALSE;FALSE;8,199367953;11,09303157;62,46987456;0,029840011;West
66;Hotel Seramar Comodoro Playa;Cala Blanca 9;7181;Palmanova;Spain;2,539573;39,51197;88;2:00 PM;FALSE;FALSE;TRUE;TRUE;FALSE;TRUE;TRUE;TRUE;MasterCard; Visa;FALSE;FALSE;8,554984902;11,11080385;62,51645697;0,053791122;West
68;Puro Hotel;Montenegro 12;7012;Palma de Mallorca;Spain;2,645274;39,56929;40;3:00 PM;TRUE;TRUE;TRUE;TRUE;FALSE;TRUE;FALSE;FALSE;MasterCard; American Express; Diners Club Card; Discover Card; Visa;TRUE;FALSE;12,40594193;0,29459301;51,45468527;1,17811918;West
69;Hotel Riu Palace Bonanza Playa;Paseo de Illetas s/n;7181;Calvia;Spain;2,594372;39,54056;285;2:00 PM;TRUE;FALSE;TRUE;TRUE;TRUE;TRUE;TRUE;FALSE;MasterCard; American Express; Diners Club Card; Visa;TRUE;FALSE;9,253994765;5,440783483;56,85709104;0,181691101;West
70;Be Live Adults Only Marivent;Calle Gavina 9;7015;Cala Major;Spain;2,605629;39,55311;195;3:00 PM;TRUE;TRUE;TRUE;TRUE;TRUE;TRUE;TRUE;FALSE;Visa; MasterCard; Maestro;FALSE;TRUE;9,520059362;3,923529276;55,24257898;0,068854038;West
72;Hotel Cort;Placa Cort 11;7001;Palma de Mallorca;Spain;2,649785;39,56977;16;12:00 PM;FALSE;TRUE;TRUE;TRUE;FALSE;TRUE;TRUE;FALSE;MasterCard; American Express; Diners Club Card; Visa;TRUE;TRUE;12,78304156;0,33318894;51,11751115;0,900524749;West
75;AC Hotel Ciutat de Palma by Marriott;Plaza Puente 3;7014;Palma de Mallorca;Spain;2,633162;39,57039;85;3:00 PM;TRUE;TRUE;FALSE;TRUE;TRUE;TRUE;TRUE;FALSE;MasterCard; American Express; Diners Club Card; Visa;TRUE;FALSE;11,3613286;1,279992956;52,20290714;2,178636873;West
77;Son Caliu Hotel & Spa Oasis;Avenida Son Caliu 8;7181;Palmanova;Spain;2,544648;39,52614;221;2:00 PM;TRUE;TRUE;TRUE;TRUE;TRUE;TRUE;TRUE;FALSE;MasterCard; American Express; Diners Club Card; Visa;TRUE;TRUE;7,333226768;9,934194892;61,22076976;0,10853595;West
78;Hotel Sea Club Alcudia;Avda de Mexico s/n;7410;Port d'Alcudia;Spain;3,113925;39,83492;439;2:00 PM;FALSE;FALSE;TRUE;TRUE;TRUE;TRUE;TRUE;TRUE;MasterCard; Visa;FALSE;FALSE;59,35492899;49,73931768;2,097769117;0,553547978;East
81;Sol Antillas Barbados;Calle Violeta 1;7182;Magaluf;Spain;2,533124;39,50295;757;2:00 PM;TRUE;TRUE;TRUE;TRUE;TRUE;FALSE;TRUE;FALSE;American Express; Visa; MasterCard;TRUE;FALSE;9,314238408;12,13786371;63,56691605;0,09100381;West
82;Hotel Born;Sant Jaume 3;7012;Palma de Mallorca;Spain;2,647243;39,5719;36;2:00 PM;FALSE;FALSE;FALSE;FALSE;FALSE;TRUE;TRUE;FALSE;MasterCard; American Express; Visa;FALSE;FALSE;12,54082245;0,510767633;51,14351989;1,221910446;West
84;Hotel des Puig;Es Puig 4;7179;Deia;Spain;2,647644;39,74863;14;2:00 PM;FALSE;FALSE;TRUE;FALSE;TRUE;TRUE;TRUE;TRUE;Visa; MasterCard; Maestro;FALSE;TRUE;22,23198569;20,14827965;42,04193812;1,371398626;North
85;Sheraton Mallorca Arabella Golf Hotel;Carrer de la Vinagrella;7013;Palma de Mallorca;Spain;2,604628;39,59107;93;3:00 PM;TRUE;TRUE;TRUE;TRUE;TRUE;TRUE;TRUE;TRUE;MasterCard; Diners Club Card; Visa; American Express;TRUE;TRUE;8,870892557;4,526706044;52,86669458;4,287161991;West
86;Hoposa CEasta d'Or Hotel;Lluch - Alcari s/n;7179;Deia;Spain;2,653314;39,76566;41;1:00 PM;FALSE;TRUE;TRUE;TRUE;TRUE;TRUE;FALSE;TRUE;MasterCard; American Express; Visa;TRUE;FALSE;24,07797986;22,04614474;41,08442604;0,138825217;North
90;Ona Cala Pi Club;Urbanizacion Torre Cala Pi Solar 7;7639;Llucmajor;Spain;2,848532;39,36683;118;4:00 PM;FALSE;TRUE;TRUE;TRUE;TRUE;FALSE;TRUE;FALSE;MasterCard; Visa;TRUE;FALSE;38,25718727;28,16906827;58,84354289;1,083292604;West
93;IberEastar Royal Playa de Palma;Calle Marbella 36;7610;Playa de Palma;Spain;2,738189;39,52317;157;2:00 PM;TRUE;FALSE;TRUE;TRUE;TRUE;FALSE;TRUE;FALSE;MasterCard; Visa;FALSE;TRUE;21,34231654;9,18491812;49,14062039;0,073375842;West
96;SENTIDO Cala Vinas;C/ Las Sirenas 17;7181;Cala Vinyes;Spain;2,535433;39,496;245;2:00 PM;TRUE;TRUE;TRUE;TRUE;TRUE;TRUE;TRUE;FALSE;American Express; Visa; MasterCard;FALSE;FALSE;10,11079816;12,45542097;63,88946143;0,1494146;West
100;Finca Ca's Sant;Cami de Ses Fontanelles 34;7100;Sóller;Spain;2,721811;39,77049;8;1:00 PM;FALSE;TRUE;TRUE;TRUE;FALSE;TRUE;FALSE;TRUE;Visa; MasterCard; Maestro;FALSE;TRUE;28,07462902;23,45359742;35,2855473;3,262538011;North
102;THB El Cid;Vaixell 2;7610;Playa de Palma;Spain;2,722131;39,53423;216;2:00 PM;TRUE;FALSE;TRUE;TRUE;TRUE;TRUE;TRUE;TRUE;MasterCard; American Express; Visa;FALSE;FALSE;19,66389037;7,371122469;49,17133262;0,042527336;West
104;Holiday Park Apartments;Ramon de Moncada 35;7180;Santa Ponsa;Spain;2,4835;39,52017;120;12:00 PM;FALSE;FALSE;TRUE;TRUE;FALSE;TRUE;TRUE;FALSE;MasterCard; American Express; Visa;FALSE;FALSE;7,167917449;15,00239903;65,8754058;0,322959864;West
106;Hotel Riu Bonanza Park;Paseo de Illetas S/N;7181;Illetas;Spain;2,59289;39,54125;285;2:00 PM;FALSE;FALSE;TRUE;TRUE;FALSE;TRUE;TRUE;TRUE;American Express; Visa; MasterCard; Maestro;TRUE;FALSE;9,105650513;5,506843894;56,91060562;0,197582699;West
108;Hotel HEastal Cuba;Calle San Magin 1;7013;Palma de Mallorca;Spain;2,639109;39,57019;15;3:00 PM;TRUE;FALSE;FALSE;TRUE;FALSE;TRUE;TRUE;FALSE;MasterCard; American Express; Visa;FALSE;TRUE;11,86955609;0,791559279;51,81125074;1,695538474;West
109;Hotel Cas Ferrer Nou Hotelet;Carrer Pou Nou 1;7400;Alcudia;Spain;3,122214;39,85401;6;1:00 PM;FALSE;FALSE;FALSE;FALSE;FALSE;TRUE;TRUE;TRUE;MasterCard; American Express; Diners Club Card; Visa;FALSE;FALSE;60,99265034;51,58696905;0,152710925;0,975746702;East
113;Hotel Amic Horizonte;C/ Vista Alegre 1;7015;Palma de Mallorca;Spain;2,621524;39,55543;199;1:00 PM;TRUE;TRUE;TRUE;TRUE;FALSE;TRUE;TRUE;FALSE;MasterCard; American Express; Diners Club Card; Visa;TRUE;FALSE;10,72866057;2,591887441;54,00618923;1,033005056;West
118;Castell Son Claret;Carretera Es Capdella-Galilea km 1.7;7196;Es Capdella;Spain;2,479605;39,59078;38;3:00 PM;TRUE;TRUE;TRUE;TRUE;TRUE;TRUE;TRUE;FALSE;MasterCard; American Express; Diners Club Card; Visa;TRUE;FALSE;2,061277467;14,6191518;62,08157209;6,395676267;Center
121;Predi Son Jaumell Hotel Rural;Carretera Cala Mesquida;7580;Capdepera;Spain;3,428893;39,71371;24;2:00 PM;FALSE;FALSE;TRUE;TRUE;FALSE;TRUE;TRUE;TRUE;MasterCard; American Express; Diners Club Card; Visa;FALSE;FALSE;80,65804246;68,80850842;30,50929782;2,101981764;South
123;Hotel JS Palma Stay;C/ Pins 26;7610;Can Pastilla;Spain;2,711695;39,53574;242;2:00 PM;FALSE;FALSE;TRUE;TRUE;TRUE;TRUE;TRUE;FALSE;MasterCard; Visa;TRUE;FALSE;18,75830305;6,519281638;49,67488686;0,09598475;West
129;Maritim Hotel Galatzo;Carretera de Andratx Km 20;7160;Peguera;Spain;2,47334;39,52851;172;3:00 PM;TRUE;TRUE;TRUE;TRUE;TRUE;TRUE;TRUE;TRUE;American Express; Visa; MasterCard; Maestro;FALSE;FALSE;6,535636804;15,53805737;66,08318132;0,688430349;West
131;Hotel Spa HSM President;Cami d'Aucanada 65;7410;Port d'Alcudia;Spain;3,156639;39,83821;248;2:00 PM;TRUE;FALSE;TRUE;TRUE;TRUE;TRUE;TRUE;TRUE;MasterCard; Visa;FALSE;FALSE;62,76196133;52,91808214;3,456280145;0,064873746;East
132;Hotel La Vila;Plaza Constitucion 14;7100;Soller;Spain;2,715382;39,76663;8;2:00 PM;FALSE;FALSE;FALSE;TRUE;FALSE;TRUE;TRUE;FALSE;MasterCard; Visa;TRUE;FALSE;27,3882676;22,89556437;35,92887075;3,24960082;North
136;IberEastar Pinos Park;Calle Canyamel 33;7589;Font de Sa Cala;Spain;3,452313;39,6832;202;2:00 PM;TRUE;FALSE;TRUE;TRUE;TRUE;FALSE;TRUE;FALSE;MasterCard; American Express; Visa;FALSE;TRUE;82,12037942;70,07051944;34,01138273;0,092774312;South
144;H10 Playas de Mallorca;Gran Via del Puig Major 2;7180;Santa Ponsa;Spain;2,481641;39,51732;212;2:00 PM;TRUE;FALSE;TRUE;TRUE;FALSE;TRUE;TRUE;FALSE;MasterCard; American Express; Visa;FALSE;FALSE;7,512028467;15,26442126;66,18590738;0,060021093;West
146;Aparthotel Porto Drach;Passeig des Cap des Toi 25;7680;Porto Cristo;Spain;3,331109;39,53849;74;2:00 PM;TRUE;FALSE;TRUE;TRUE;FALSE;TRUE;FALSE;TRUE;American Express; Visa; MasterCard;FALSE;FALSE;71,23947343;58,65212404;39,2951468;0,451073736;South
149;Hotel Mirador;Paseo Maritimo 10;7014;Palma de Mallorca;Spain;2,630399;39,56884;88;2:00 PM;TRUE;TRUE;TRUE;TRUE;TRUE;TRUE;TRUE;FALSE;MasterCard; American Express; Diners Club Card; Visa;TRUE;FALSE;11,14996567;1,479876108;52,49556224;2,359076336;West
153;OD Port Portals;Calle Tomas Blanes Tolosa 4;7181;Calvia;Spain;2,56581;39,53438;77;3:00 PM;TRUE;TRUE;TRUE;TRUE;FALSE;TRUE;TRUE;TRUE;MasterCard; American Express; Visa; Diners Club Card;TRUE;FALSE;7,725633645;7,902643389;59,21958164;0,288868097;Center
156;Club Santa Ponsa;Nunyo Sanc 14;7180;Santa Ponsa;Spain;2,475047;39,52086;142;2:00 PM;FALSE;TRUE;TRUE;TRUE;TRUE;TRUE;TRUE;TRUE;Visa; MasterCard; Maestro;FALSE;FALSE;7,285334372;15,65766897;66,43194865;0,459696901;West
161;Barcelo Pueblo Park;Fray Joan Llabres 16;7600;Playa de Palma;Spain;2,748769;39,51603;276;2:00 PM;TRUE;TRUE;TRUE;TRUE;TRUE;TRUE;TRUE;TRUE;American Express; Visa; MasterCard; Maestro;TRUE;FALSE;22,45719271;10,37713642;49,1455102;0,291449598;West
162;Blau Colonia Sant Jordi Resort & Spa;Camino de los Estanques s/n;7638;Colonia de Sant Jordi;Spain;2,994654;39,32245;395;2:00 PM;TRUE;TRUE;TRUE;TRUE;TRUE;TRUE;TRUE;TRUE;MasterCard; American Express; Visa;FALSE;TRUE;51,27651855;40,34134145;59,93929837;0,571011425;West
163;Hotel Bahia;Avenida Peguera 81;7160;Peguera;Spain;2,458059;39,53629;52;11:00 AM;TRUE;TRUE;TRUE;TRUE;TRUE;TRUE;TRUE;TRUE;American Express; Visa; MasterCard;TRUE;FALSE;6,403362679;16,59819309;66,7192303;0,137813854;West
164;Palau Sa Font;Apuntadores 38;7012;Palma de Mallorca;Spain;2,643692;39,56971;19;2:00 PM;FALSE;FALSE;TRUE;FALSE;FALSE;TRUE;FALSE;FALSE;MasterCard; American Express; Diners Club Card; Visa;FALSE;TRUE;12,26569683;0,42538982;51,53300815;1,319244375;West
165;Hotel Los Geranios;Paseo de la Playa 15;7108;Port de Soller;Spain;2,691778;39,79031;21;1:00 PM;FALSE;FALSE;FALSE;TRUE;FALSE;TRUE;TRUE;TRUE;MasterCard; Visa;FALSE;FALSE;28,18647851;25,0666385;37,28828994;0,013086742;North
166;Be Live Adults Only La Cala;C/ Gavina 4;7015;Cala Major;Spain;2,60559;39,55308;67;3:00 PM;TRUE;FALSE;TRUE;TRUE;FALSE;TRUE;TRUE;FALSE;MasterCard; American Express; Visa;FALSE;TRUE;9,518102777;3,927929994;55,24725674;0,066032012;West
169;Delfin Playa;Hermanos Moncada 17;7181;Palmanova;Spain;2,535167;39,51967;144;2:00 PM;FALSE;FALSE;TRUE;TRUE;TRUE;FALSE;FALSE;FALSE;MasterCard; Visa; American Express; Diners Club Card;FALSE;TRUE;7,620038526;10,98995788;62,30187284;0,092431845;West
170;Hoposa Daina Hotel;C/ Atilio Boveri 2;7470;Port de Pollenca;Spain;3,082931;39,90737;67;2:00 PM;TRUE;FALSE;TRUE;TRUE;TRUE;TRUE;TRUE;FALSE;MasterCard; American Express; Visa;TRUE;FALSE;61,3619873;53,02710802;6,85848469;0,343177171;East
171;Petit Cala Fornells;C/ Cala Fornells 78;7160;Peguera;Spain;2,437233;39,53202;24;1:00 PM;FALSE;FALSE;TRUE;TRUE;TRUE;TRUE;TRUE;FALSE;Visa; MasterCard;TRUE;TRUE;7,915168375;18,44295666;68,48593337;0,084181024;West
173;Bendinat Hotel;C/ Andres Ferret Sobral 1;7181;Portals Nous;Spain;2,579781;39,53218;52;2:00 PM;FALSE;FALSE;TRUE;TRUE;FALSE;FALSE;TRUE;TRUE;MasterCard; American Express; Diners Club Card; Visa;TRUE;FALSE;8,77540425;6,997530142;58,41585127;0,305204541;West
176;Viva Cala Mesquida Resort Aparthotel;Urbanizacion Cala Mesquida s/n;7580;Capdepera;Spain;3,428638;39,74377;295;2:00 PM;FALSE;TRUE;TRUE;TRUE;TRUE;TRUE;TRUE;TRUE;MasterCard; American Express; Diners Club Card; Visa;TRUE;FALSE;81,28708666;69,63895932;28,93317028;0,218976732;South
177;HM Gran Fiesta;C/ Marbella 28;7610;Playa de Palma;Spain;2,735576;39,52495;241;2:00 PM;FALSE;FALSE;TRUE;TRUE;FALSE;FALSE;TRUE;TRUE;MasterCard; American Express; Diners Club Card; Visa;TRUE;FALSE;21,06795091;8,890037305;49,14256031;0,051550674;West
178;IBEREastAR Son Antem;Carretera Ma 19;7620;Llucmajor;Spain;2,82744;39,47481;151;2:00 PM;TRUE;TRUE;TRUE;TRUE;TRUE;TRUE;TRUE;TRUE;MasterCard; American Express; Visa;TRUE;TRUE;30,41545509;18,53064988;48,95531402;7,195094777;West
181;BQ Belvedere Hotel;Mitja lluna 4;7015;San Agustin;Spain;2,599326;39,55333;414;2:00 PM;FALSE;FALSE;TRUE;TRUE;FALSE;TRUE;FALSE;TRUE;MasterCard; Visa;FALSE;FALSE;9,00739776;4,414573436;55,65861358;0,35928;West
182;Steigenberger Golf & Spa Resort Camp de Mar;Calle Taula 2;7160;Camp De Mar;Spain;2,425167;39,53966;164;3:00 PM;TRUE;TRUE;TRUE;TRUE;TRUE;TRUE;TRUE;TRUE;MasterCard; American Express; Visa;TRUE;TRUE;8,134988678;19,30015309;68,93325444;0,258965396;West
186;Son Julia Country House Hotel;Crta de S'arenal a Llucmajor S/N;7620;Llucmajor;Spain;2,868577;39,48397;25;3:00 PM;FALSE;TRUE;TRUE;TRUE;TRUE;TRUE;TRUE;TRUE;MasterCard; American Express; Visa;FALSE;TRUE;33,32990482;21,08600526;46,34334109;10,26210602;West
196;Eix Alcudia Hotel - Adults Only;Calle Teodoro Canet 43;7400;Port d'Alcudia;Spain;3,133249;39,84369;210;2:00 PM;TRUE;TRUE;TRUE;TRUE;TRUE;TRUE;TRUE;TRUE;MasterCard; American Express; Visa;FALSE;TRUE;61,268165;51,64454197;1,470453645;0,240227278;East
198;Blue Bay Hotel;Camino Vecinal Genova San Agustin 30;7015;Cala Major;Spain;2,59845;39,55232;112;2:00 PM;FALSE;TRUE;TRUE;TRUE;FALSE;TRUE;TRUE;FALSE;MasterCard; Visa;FALSE;FALSE;8,979947671;4,525024443;55,78604692;0,241656453;West
200;THB Sur Mallorca;Plaza Cristobal Colon s/n;7638;#NV;Spain;2,986318;39,31837;198;2:00 PM;TRUE;FALSE;TRUE;TRUE;FALSE;TRUE;TRUE;TRUE;MasterCard; American Express; Visa;FALSE;FALSE;50,94944777;40,12793776;60,51731761;#NV;West
201;SENTIDO Pula Suites Hotel Golf & Spa;Predio de Pula;7550;Son Servera;Spain;3,37451;39,64416;68;1:00 PM;TRUE;TRUE;TRUE;TRUE;TRUE;TRUE;TRUE;TRUE;Visa; MasterCard;TRUE;FALSE;75,03419984;62,81876264;31,74321524;2,608579257;South
203;Be Live Adults Only CEasta Palma;C/Guillen Diaz Playa 2;7015;Cala Major;Spain;2,60605;39,55291;143;3:00 PM;TRUE;FALSE;TRUE;TRUE;TRUE;TRUE;TRUE;FALSE;MasterCard; American Express; Visa;TRUE;TRUE;9,561640969;3,899606105;55,22734386;0,045611605;West
204;Vell Mari Hotel & Resort;Carretera Arta-Alcudia 127;7458;#NV;Spain;3,158591;39,75737;211;1:00 PM;TRUE;TRUE;TRUE;TRUE;TRUE;TRUE;TRUE;TRUE;MasterCard; Visa;FALSE;FALSE;59,43902306;48,54889702;11,10035766;#NV;East
206;Hotel Eden;Es Traves 26;7108;Soller;Spain;2,697046;39,79527;152;2:00 PM;TRUE;FALSE;TRUE;TRUE;FALSE;TRUE;FALSE;FALSE;MasterCard; American Express; Visa;FALSE;FALSE;28,8962582;25,68198149;36,74520735;0,039689905;North
208;Hotel HSM Atlantic Park Hotel;Calle Calderon de la Barca 2;7182;Magaluf;Spain;2,528232;39,504;242;12:00 PM;FALSE;TRUE;TRUE;TRUE;FALSE;TRUE;TRUE;TRUE;MasterCard; Visa;FALSE;FALSE;9,088241406;12,41248786;63,82706745;0,448325879;West
211;HM Tropical;Carrer Marbella 16;7610;Playa de Palma;Spain;2,731835;39,52815;165;2:00 PM;FALSE;FALSE;TRUE;TRUE;TRUE;FALSE;TRUE;TRUE;MasterCard; American Express; Visa;FALSE;FALSE;20,65470894;8,430722564;49,09511123;0,036744854;West
215;Hotel Armadams;Marques de la Cenia 34;7014;Palma de Mallorca;Spain;2,630398;39,56884;73;2:00 PM;TRUE;TRUE;TRUE;TRUE;TRUE;TRUE;TRUE;FALSE;MasterCard; American Express; Diners Club Card; Visa;TRUE;FALSE;11,14988089;1,479961205;52,49563052;2,359159782;West
219;Sol House Trinidad;C/ Cala Blanca 2;7181;Magaluf;Spain;2,533376;39,50781;375;2:00 PM;FALSE;TRUE;TRUE;TRUE;FALSE;FALSE;TRUE;FALSE;MasterCard; American Express; JCB International; Visa;FALSE;FALSE;8,805515341;11,80953491;63,21936469;0,152368373;West
220;Son Cosmet;Ctra Campos-Sa Rapita km 2;7630;Campos;Spain;2,93136;39,36501;10;2:00 PM;FALSE;FALSE;TRUE;TRUE;FALSE;TRUE;TRUE;TRUE;American Express; Visa; MasterCard;FALSE;FALSE;44,12220458;33,136644;56,60354839;2,096351249;Center
223;Hotel Son Sant Jordi;Calle Sant Jordi 29;7460;Pollenca;Spain;3,01801;39,87928;8;7:00 PM;FALSE;FALSE;TRUE;TRUE;FALSE;TRUE;TRUE;TRUE;MasterCard; American Express; Visa;FALSE;FALSE;55,05132909;46,94842767;9,256662622;5,235672754;North
225;Hotel Sa Torre de Santa Eugenia;Carretera Santa Maria-Sencelles Km.7;7142;Santa Eugenia;Spain;2,848155;39,63412;5;12:00 PM;FALSE;FALSE;TRUE;TRUE;FALSE;TRUE;TRUE;TRUE;MasterCard; Visa;TRUE;FALSE;30,20804632;18,71043079;33,69005326;15,42703401;Center
228;Aparthotel Ferrer Maristany;Calle Madre Perla 1;7410;Port d'Alcudia;Spain;3,13037;39,84251;55;2:00 PM;FALSE;FALSE;TRUE;TRUE;TRUE;FALSE;FALSE;FALSE;MasterCard; American Express; Visa;FALSE;FALSE;60,98972795;51,36899479;1,413414399;0,149905704;East
236;Inturotel Cala Azul Garden;Calle S'Espalmador s/n;7660;Cala d'Or;Spain;3,236411;39,3793;126;1:00 PM;TRUE;FALSE;TRUE;TRUE;TRUE;TRUE;TRUE;TRUE;MasterCard; American Express; Visa;FALSE;FALSE;66,97320934;54,65908682;53,55657132;0,151082939;South
238;UR Mision de San Miguel;Can Macanet 1A;7003;Palma de Mallorca;Spain;2,651402;39,57444;32;3:00 PM;TRUE;TRUE;FALSE;TRUE;FALSE;TRUE;TRUE;FALSE;American Express; Visa; MasterCard;TRUE;TRUE;12,87075457;0,857880594;50,6890546;1,258124598;West
240;La Reserva Rotana;Cami de Bendris km 3;7500;Manacor;Spain;3,201998;39,5756;22;1:00 PM;FALSE;TRUE;TRUE;TRUE;TRUE;TRUE;TRUE;TRUE;MasterCard; American Express; Visa;TRUE;FALSE;59,99562296;47,49899803;31,59266622;11,23671741;Center
247;Hotel Capri;Passeig Anglada Camarassa 69;7470;Port de Pollenca;Spain;3,084386;39,90845;30;1:00 PM;FALSE;FALSE;FALSE;TRUE;FALSE;TRUE;TRUE;FALSE;Visa; MasterCard; Maestro; EC Card;TRUE;TRUE;61,53276669;53,19964588;6,907461962;0,49929754;East
249;Hotel Ca'n Bonico;Plaza San Bartolome 8;7640;Ses Salines;Spain;3,106527;39,39214;28;3:00 PM;TRUE;FALSE;TRUE;TRUE;FALSE;TRUE;TRUE;TRUE;MasterCard; American Express; Visa;FALSE;TRUE;56,05567223;43,91405039;51,22574337;7,560507382;West
250;Can Verdera;Carrer Toros 1 07109;7109;Fornalutx;Spain;2,740098;39,78201;11;2:00 PM;FALSE;FALSE;TRUE;FALSE;FALSE;TRUE;TRUE;FALSE;MasterCard; American Express; Diners Club Card; Visa;FALSE;FALSE;30,07354354;25,13595765;33,45328702;3,940201794;North
251;Fornalutx Petit Hotel;C/ Alba 22;7109;Fornalutx;Spain;2,741424;39,78214;8;12:00 PM;FALSE;FALSE;TRUE;FALSE;FALSE;TRUE;FALSE;FALSE;MasterCard; Visa;FALSE;FALSE;30,16115439;25,18558536;33,33987104;4,043781858;North
254;Hotel Palladium;Paseo Mallorca 40;7012;Palma de Mallorca;Spain;2,644648;39,57529;53;12:00 PM;FALSE;TRUE;FALSE;TRUE;FALSE;TRUE;TRUE;FALSE;MasterCard; Visa;TRUE;TRUE;12,28686572;0,921173253;51,09014149;1,649855852;West
255;Hotel Samos;Avenida S'Olivera 12;7181;Magaluf;Spain;2,532982;39,50871;417;2:00 PM;TRUE;TRUE;TRUE;TRUE;FALSE;TRUE;TRUE;FALSE;MasterCard; Visa;FALSE;FALSE;8,699963308;11,78190821;63,18528925;0,232755061;West
257;Intertur Aparthotel Hawaii Torrenova;C/ Torrenova 3-5;7181;Palmanova;Spain;2,542653;39,51246;170;3:00 PM;TRUE;FALSE;TRUE;TRUE;FALSE;FALSE;TRUE;FALSE;MasterCard; Visa;FALSE;FALSE;8,609211815;10,86128232;62,27393671;0,197350331;West
258;Prinsotel La Pineda;Calle Castellets 72;7590;Cala Ratjada;Spain;3,458515;39,71459;39;2:00 PM;TRUE;FALSE;TRUE;TRUE;TRUE;TRUE;TRUE;TRUE;MasterCard; Visa;TRUE;FALSE;83,16897172;71,29582893;32,66796972;0,537929379;South
260;Hotel Sur;Paseo Maritimo 25;7559;Cala Bona;Spain;3,390833;39,61267;102;2:00 PM;FALSE;FALSE;TRUE;TRUE;TRUE;FALSE;TRUE;FALSE;Visa; MasterCard; Maestro;FALSE;TRUE;76,21256328;63,84680548;35,28281763;0,075633693;South
261;Hotel Serrano Palace;Playa Son Moll S/N;7590;Cala Ratjada;Spain;3,455793;39,7069;151;6:00 PM;TRUE;TRUE;TRUE;TRUE;TRUE;FALSE;TRUE;TRUE;MasterCard; American Express; Visa;TRUE;FALSE;82,79799815;70,88101184;32,87793533;0,102894111;South
264;Son Corb Boutique Hotel;Cami de sa Punta Rotja s/n;7559;Son Servera;Spain;3,385366;39,62048;22;2:00 PM;TRUE;TRUE;TRUE;TRUE;FALSE;TRUE;TRUE;TRUE;MasterCard; Visa;TRUE;FALSE;75,78318238;63,45149897;34,32045208;0,977215524;South
278;Can Tem;Carrer Esglesia 14;7400;Alcudia;Spain;3,120198;39,85251;4;2:00 PM;FALSE;FALSE;FALSE;FALSE;FALSE;TRUE;FALSE;FALSE;MasterCard; Visa;FALSE;FALSE;60,76106117;51,34884388;0,087437762;1,137815125;East
279;Rei Del Mediterrani;Calle Crauer No 14;7458;Playa de Muro;Spain;3,108752;39,81429;242;1:00 PM;FALSE;FALSE;TRUE;TRUE;TRUE;TRUE;TRUE;TRUE;MasterCard; Visa;TRUE;FALSE;57,9198068;48,04489392;4,426600656;0,685596023;East
284;Hotel & Spa Ferrer Janeiro;Avenida Diagonal 41;7458;Ca'n Picafort;Spain;3,16727;39,75954;211;2:00 PM;FALSE;FALSE;TRUE;TRUE;TRUE;FALSE;TRUE;FALSE;MasterCard; Visa; American Express;FALSE;FALSE;60,21856757;49,32176562;11,1110191;0,208981681;East
287;BQ Apolo Hotel;Calle Miguel Massuti 28;7610;Can Pastilla;Spain;2,71152;39,53597;144;12:00 PM;FALSE;FALSE;TRUE;TRUE;FALSE;TRUE;TRUE;FALSE;MasterCard; Visa;FALSE;FALSE;18,73671805;6,49289727;49,66725757;0,125588713;West
289;Sol Cala d'Or Apartamentos;Els Revells;7660;Cala d'Or;Spain;3,232272;39,3764;150;2:00 PM;FALSE;FALSE;TRUE;TRUE;FALSE;FALSE;TRUE;FALSE;American Express; Visa; MasterCard;FALSE;FALSE;66,75071042;54,45687406;53,80951609;0,275383782;South
290;Be Smart Alea;Jose Ma Cuadrado 4;7600;El Arenal;Spain;2,754092;39,49725;110;2:00 PM;TRUE;FALSE;TRUE;TRUE;FALSE;FALSE;TRUE;FALSE;MasterCard; Visa;FALSE;FALSE;23,65309172;11,99853254;50,47187979;0,517857503;West
295;Universal Hotel Lido Park;Calle Jose Guevara 4;7160;Peguera;Spain;2,459038;39,53388;266;12:00 PM;FALSE;FALSE;TRUE;TRUE;TRUE;TRUE;TRUE;TRUE;MasterCard; Visa;FALSE;FALSE;6,576216844;16,57438402;66,79076102;0,055253407;West
297;Hotel Helios Mallorca;C/ Carabela 7;7610;Can Pastilla;Spain;2,725;39,53361;305;2:00 PM;FALSE;FALSE;TRUE;TRUE;FALSE;TRUE;TRUE;FALSE;Visa; MasterCard; Maestro;FALSE;FALSE;19,91922801;7,6188342;49,05143822;0,120270579;West
299;Sa Cabana Hotel Rural & Spa;Carretera Palma-Alcudia Km 19900;7330;Consell;Spain;2,824227;39,67669;25;2:00 PM;TRUE;TRUE;TRUE;TRUE;TRUE;TRUE;TRUE;TRUE;MasterCard; American Express; Visa;TRUE;TRUE;29,50662083;19,40048079;32,03742723;16,86289778;Center
306;Sol Lunamar Apartments;Avda Cas Saboners 8;7181;Palmanova;Spain;2,535814;39,51449;143;4:00 PM;FALSE;FALSE;TRUE;FALSE;FALSE;FALSE;TRUE;FALSE;MasterCard; Visa;FALSE;FALSE;8,175618011;11,23150466;62,60304983;0,169228856;West
308;Aya Hotel;Carretera Arenal 60;7600;Playa de Palma;Spain;2,749364;39,51066;145;2:00 PM;FALSE;FALSE;TRUE;TRUE;TRUE;TRUE;TRUE;FALSE;MasterCard; American Express; Visa;TRUE;TRUE;22,71080733;10,7579889;49,56980699;0,03488015;West
311;BelleVue Lagomonte;Estany Petit 8;7410;Port d'Alcudia;Spain;3,107323;39,83458;272;1:00 PM;FALSE;FALSE;TRUE;TRUE;FALSE;FALSE;TRUE;FALSE;MasterCard; Visa;FALSE;FALSE;58,83995044;49,26531528;2,356084439;1,045164543;East
312;Mar Calma Hotel;Carretera Formentor 17;7470;Port de Pollenca;Spain;3,08242;39,90707;20;1:00 PM;TRUE;FALSE;FALSE;TRUE;FALSE;TRUE;TRUE;FALSE;MasterCard; Visa;TRUE;TRUE;61,30716073;52,97277676;6,84996103;0,298653523;East
322;Grupotel Nilo & Spa;C/ Malgrats 9;7160;Peguera;Spain;2,449935;39,53895;150;1:00 PM;TRUE;TRUE;TRUE;TRUE;TRUE;TRUE;TRUE;TRUE;MasterCard; American Express; Diners Club Card; Discover Card; JCB International; Visa;TRUE;TRUE;6,60919489;17,2228332;67,15533935;0,169993112;West
329;Hesperia Villamil;Bulevar de Peguera 66;7160;Peguera;Spain;2,453078;39,53756;125;2:00 PM;TRUE;TRUE;TRUE;TRUE;TRUE;TRUE;TRUE;FALSE;MasterCard; American Express; Visa;TRUE;FALSE;6,550919326;16,98771186;67,00704791;0,077818203;West
332;Vincci Bosc de Mar;Avinguda Cala Agulla 120;7590;Cala Ratjada;Spain;3,458429;39,71965;237;2:00 PM;FALSE;FALSE;TRUE;TRUE;TRUE;TRUE;TRUE;FALSE;MasterCard; American Express; Visa;FALSE;FALSE;83,25936313;71,41737305;32,39957875;0,321541869;South
333;Hoposa Niu Hotel;C/ Cales Barques 5;7469;Cala San Vincente;Spain;3,055229;39,92112;24;2:00 PM;TRUE;FALSE;FALSE;TRUE;FALSE;TRUE;TRUE;FALSE;MasterCard; Visa;FALSE;FALSE;60,3965076;52,52540695;9,420476658;0,024331675;North
334;Plaza Beach;Plaza Santa Ponsa 2;7180;Santa Ponsa;Spain;2,482637;39,51479;55;2:00 PM;TRUE;TRUE;TRUE;TRUE;FALSE;TRUE;TRUE;FALSE;MasterCard; Visa;FALSE;TRUE;7,767837275;15,29027689;66,27540384;0,191357937;West
338;Hotel whala!balmes;Bellamar 7;7610;Can Pastilla;Spain;2,716696;39,5356;120;2:00 PM;FALSE;FALSE;TRUE;TRUE;FALSE;TRUE;TRUE;FALSE;MasterCard; American Express; Visa;FALSE;FALSE;19,17416499;6,89224746;49,38570678;0,113654346;West
340;Hotel Zhero;Carretera Palma-Andratx 6;7181;#NV;Spain;2,596452;39,54786;39;2:00 PM;TRUE;FALSE;TRUE;TRUE;FALSE;TRUE;TRUE;TRUE;MasterCard; American Express; Visa;FALSE;FALSE;9,026285514;4,88296065;56,22158204;#NV;West
345;Smartline Panoramic Hotel;C/ Maria Antonia Salva 2 (Es Morer Vermell);7409;Alcudia;Spain;3,12163;39,86212;163;2:00 PM;TRUE;TRUE;TRUE;TRUE;FALSE;TRUE;TRUE;TRUE;MasterCard; American Express; Visa;FALSE;FALSE;61,39655423;52,10763142;1,014838233;0,102584029;East
346;Universal Hotel Romantica;Calle Carabela 4;7638;Colonia de Sant Jordi;Spain;2,985796;39,3224;245;2:00 PM;FALSE;FALSE;TRUE;TRUE;FALSE;TRUE;TRUE;FALSE;MasterCard; Visa;FALSE;FALSE;50,65442701;39,78725869;60,08630603;0,089216534;West
350;Balear;Avda Bartolome Riutort 18;7610;Can Pastilla;Spain;2,717313;39,53599;54;2:00 PM;FALSE;FALSE;FALSE;TRUE;FALSE;TRUE;FALSE;FALSE;MasterCard; American Express; Diners Club Card; Visa;FALSE;FALSE;19,21306431;6,915809352;49,31776248;0,150248989;West
351;Hotel Lemar;Carrer Bonanca 1;7638;Colonia de Sant Jordi;Spain;2,997017;39,31655;89;2:00 PM;TRUE;FALSE;FALSE;TRUE;FALSE;FALSE;TRUE;FALSE;MasterCard; American Express; Visa;FALSE;FALSE;51,81743488;40,93563418;60,54852168;0,062405578;West
352;Hotel Globales Santa Ponsa Park;Calle Puig des Teix 3;7180;Santa Ponsa;Spain;2,483195;39,51688;269;2:00 PM;FALSE;TRUE;TRUE;TRUE;FALSE;FALSE;TRUE;TRUE;MasterCard; Visa;FALSE;FALSE;7,530727455;15,15851402;66,10393197;0,180992116;West
354;Universal Hotel Castell Royal;Avenida CEasta y Llobera s/n;7589;Canyamel;Spain;3,441197;39,6577;126;2:00 PM;FALSE;FALSE;TRUE;TRUE;FALSE;TRUE;TRUE;FALSE;Visa; MasterCard;FALSE;FALSE;80,85342452;68,67661148;34,91669812;0,024530064;South
356;Protur Atalaya Apartamentos;Calle Sol Naixent S/N;7560;Cala Millor;Spain;3,382608;39,60063;120;1:00 PM;TRUE;FALSE;TRUE;FALSE;FALSE;TRUE;TRUE;FALSE;MasterCard; Visa;FALSE;FALSE;75,46927659;63,05748547;35,86491149;0,223450597;South
358;Es Baulo Petit Hotel;Avda. Margalida 28;7458;Ca'n Picafort;Spain;3,159204;39,75956;70;3:00 PM;TRUE;FALSE;TRUE;TRUE;TRUE;TRUE;TRUE;FALSE;MasterCard; American Express; Visa;FALSE;FALSE;59,5673897;48,70174575;10,88317382;0,778978581;East
360;Hotel Casablanca;Via Rey Sancho 6;7180;Santa Ponsa;Spain;2,482667;39,51383;87;2:00 PM;FALSE;FALSE;TRUE;TRUE;FALSE;TRUE;TRUE;FALSE;MasterCard; Visa;FALSE;FALSE;7,871670611;15,32903022;66,33415286;0,203495946;West
361;Grupotel Acapulco Playa;C/CEasta Brava 2;7610;Playa de Palma;Spain;2,739329;39,52182;143;2:00 PM;FALSE;TRUE;TRUE;TRUE;FALSE;FALSE;TRUE;FALSE;MasterCard; American Express; Visa;TRUE;FALSE;21,48243497;9,347977605;49,18808278;0,0522132;West
366;CLUB CALIMERA Es Talaial;Avenida es Fortii 20;7660;Cala d'Or;Spain;3,228342;39,36412;249;2:00 PM;FALSE;FALSE;TRUE;TRUE;TRUE;TRUE;TRUE;TRUE;Visa; MasterCard; Maestro;FALSE;FALSE;66,92360582;54,69958028;55,09608409;0,176450748;South
368;Cupidor;Carretera Capdella 4;7160;Peguera;Spain;2,453452;39,53843;24;8:00 AM;FALSE;FALSE;FALSE;TRUE;FALSE;TRUE;TRUE;FALSE;Visa; MasterCard; Maestro;FALSE;FALSE;6,455925031;16,93759724;66,92895041;0,171902605;West
370;Santuari de Lluc;Placa dels Peregrins 1;7315;Escorca;Spain;2,88438;39,82191;120;3:00 PM;FALSE;FALSE;TRUE;TRUE;FALSE;TRUE;TRUE;FALSE;Visa; MasterCard; Maestro;FALSE;FALSE;42,13130754;34,79068928;20,4830725;7,089505492;North
378;Hotel HSM Maria Luisa;Calle Caldentey15;7181;Portals Nous;Spain;2,578308;39,53571;118;2:00 PM;FALSE;FALSE;TRUE;TRUE;FALSE;TRUE;TRUE;FALSE;MasterCard; Visa;FALSE;FALSE;8,428513386;6,894701244;58,27659239;0,237159363;West
380;Ca'n Moragues;C/ Pou Nou 12 E;7570;Arta;Spain;3,350702;39,69544;8;12:00 PM;TRUE;FALSE;TRUE;FALSE;FALSE;TRUE;FALSE;FALSE;MasterCard; Visa;FALSE;FALSE;73,72584383;61,83650108;26,29398249;7,206292313;Center
381;Rodes;Av. Bartomeu Riutort 51;7610;Can Pastilla;Spain;2,722457;39,53391;39;12:00 AM;FALSE;FALSE;FALSE;TRUE;FALSE;TRUE;TRUE;FALSE;MasterCard; American Express; Diners Club Card; Visa; Discover Card; JCB International;FALSE;FALSE;19,70062125;7,413097697;49,17768983;0,023131879;West
384;Grupotel Taurus Park;Avenida America 7;7600;Playa de Palma;Spain;2,752537;39,51336;341;2:00 PM;FALSE;FALSE;TRUE;TRUE;TRUE;TRUE;TRUE;TRUE;MasterCard; American Express; Diners Club Card; Visa;FALSE;FALSE;22,86129813;10,81027883;49,16519883;0,413761389;West
385;Portals Hills Boutique Hotel;Calle Segui 4;7181;Portals Nous;Spain;2,572675;39,53773;31;12:00 PM;TRUE;FALSE;TRUE;TRUE;TRUE;TRUE;TRUE;FALSE;MasterCard; American Express; Diners Club Card; Visa;TRUE;TRUE;7,912546413;7,20902994;58,52562183;0,501296468;West
386;Hotel Riu Festival;C/ Camino de las Maravillas s/n;7610;Playa de Palma;Spain;2,746617;39,5193;204;3:00 PM;TRUE;FALSE;TRUE;TRUE;FALSE;FALSE;TRUE;FALSE;MasterCard; Diners Club Card; Visa;FALSE;FALSE;22,16390246;10,02536484;48,98880179;0,350289352;West
392;Sant Francesc Hotel Singular;Plaza Sant Francesc 5;7001;Palma de Mallorca;Spain;2,652592;39,56894;42;3:00 PM;TRUE;TRUE;TRUE;TRUE;TRUE;TRUE;TRUE;FALSE;MasterCard; American Express; Diners Club Card; JCB International; Visa;TRUE;TRUE;13,03278842;0,467465497;50,9858868;0,673324898;West
395;Martinez Apartments;Calle Calvia 3;7181;Palmanova;Spain;2,540255;39,52691;13;12:00 PM;FALSE;FALSE;TRUE;FALSE;FALSE;TRUE;FALSE;FALSE;MasterCard; Visa;FALSE;FALSE;7,075403891;10,23191037;61,47286418;0,23660717;West
404;Aparthotel Cap de Mar;Paseo Maritimo 5;7559;Cala Bona;Spain;3,390183;39,61113;74;2:00 PM;FALSE;FALSE;TRUE;TRUE;FALSE;TRUE;TRUE;FALSE;American Express; Visa; MasterCard;FALSE;FALSE;76,15062956;63,77873108;35,37654194;0,182593863;South
410;Cap Vermell Beach Hotel;Plaza Pins de Ses Vegues 1;7589;Canyamel;Spain;3,443483;39,65767;10;2:00 PM;FALSE;FALSE;FALSE;TRUE;FALSE;TRUE;FALSE;TRUE;MasterCard; American Express; Visa;TRUE;FALSE;81,04773981;68,86973046;35,07196092;0,022296175;South
411;Grupotel Playa de Palma Suites & Spa;Cami De Ca Na Gabriela 27-29;7600;Playa de Palma;Spain;2,7537;39,51192;97;2:00 PM;FALSE;FALSE;TRUE;TRUE;TRUE;FALSE;TRUE;TRUE;MasterCard; American Express; Diners Club Card; Visa;FALSE;FALSE;23,00982967;10,98230196;49,22482333;0,4299005;West
415;Innside Palma Center;Font i Monteros 23;7003;Palma de Mallorca;Spain;2,650134;39,57737;101;2:00 PM;TRUE;TRUE;TRUE;TRUE;TRUE;TRUE;TRUE;FALSE;MasterCard; American Express; Diners Club Card; Visa;TRUE;TRUE;12,7416236;1,139384652;50,57642643;1,600346964;West
419;Son Boronat;Cami de Son Boronat 33;7184;Calvia;Spain;2,538166;39,56583;7;2:00 PM;FALSE;FALSE;TRUE;TRUE;FALSE;TRUE;FALSE;TRUE;Visa; MasterCard; Maestro;FALSE;FALSE;3,680126614;9,372299509;59,1656556;4,238625721;Center
420;Hotel Agua Beach;Paseo del Mar 24;7181;Palmanova;Spain;2,554872;39,69887;107;3:00 PM;TRUE;FALSE;TRUE;TRUE;FALSE;TRUE;TRUE;TRUE;MasterCard; Visa;FALSE;FALSE;13,64360067;16,63229121;51,29198568;16,83742917;West
421;Capricho;Sa Serreta 5;7590;Cala Ratjada;Spain;3,461945;39,71339;46;2:00 PM;FALSE;FALSE;TRUE;TRUE;TRUE;TRUE;FALSE;FALSE;American Express; Visa; MasterCard; Maestro;FALSE;FALSE;83,43536222;71,55174214;32,98937994;0,257740988;South
427;Hotel Leon de Sineu;C/ Dels Bous 129 07510;7510;Sineu;Spain;3,011278;39,64474;8;3:00 PM;FALSE;TRUE;TRUE;TRUE;FALSE;TRUE;FALSE;FALSE;MasterCard; American Express; Discover Card; Visa;TRUE;FALSE;44,16719432;32,30535072;24,96835836;18,24278273;Center
428;Hotel Rocamar;Juan Sebastian Elcano 34-38;7659;Cala Figuera;Spain;3,17186;39,3295;42;4:00 PM;FALSE;FALSE;TRUE;TRUE;FALSE;TRUE;TRUE;FALSE;Visa; MasterCard;FALSE;FALSE;64,04607381;52,17504427;58,33411898;2,129306745;South
431;Dalt Muntanya;Ctra. Bunyola-Orient km.10;7349;#NV;Spain;2,760301;39,734;18;12:00 PM;FALSE;FALSE;TRUE;TRUE;FALSE;TRUE;TRUE;TRUE;MasterCard; Visa;FALSE;FALSE;27,76563792;20,88361082;33,51522203;#NV;Center
434;Aparthotel Aquasol;C/ Pinzones 61;7181;Palmanova;Spain;2,533302;39,51748;132;1:00 PM;FALSE;FALSE;TRUE;TRUE;FALSE;FALSE;TRUE;FALSE;MasterCard; Visa;TRUE;FALSE;7,788645778;11,24818708;62,57550425;0,286536068;West
438;THB Cala Lliteras;Avda. Cala Lliteras 9;7590;Cala Ratjada;Spain;3,457035;39,71013;201;2:00 PM;TRUE;FALSE;TRUE;TRUE;FALSE;TRUE;FALSE;FALSE;MasterCard; American Express; Visa;FALSE;FALSE;82,96119413;71,06243387;32,79437433;0,34990318;South
440;Amoros;C/ Ses Llegitimes 37;7590;Cala Ratjada;Spain;3,458497;39,71032;75;1:00 PM;TRUE;FALSE;TRUE;TRUE;FALSE;TRUE;TRUE;FALSE;MasterCard; Visa;FALSE;TRUE;83,08794088;71,1890008;32,89345587;0,245914826;South
444;HSM Regana;Avda Cala Agulla S/N;7590;Cala Ratjada;Spain;3,457989;39,71996;127;2:00 PM;FALSE;FALSE;TRUE;TRUE;FALSE;TRUE;TRUE;FALSE;MasterCard; Visa;FALSE;FALSE;83,22845345;71,38882382;32,35035827;0,27437572;South
446;Hotel Sabina Playa;Calle Es Rafal 4;7560;Cala Millor;Spain;3,38783;39,60621;132;2:00 PM;FALSE;FALSE;TRUE;TRUE;TRUE;TRUE;TRUE;TRUE;Visa; MasterCard;TRUE;FALSE;75,93161371;63,54054238;35,66528616;0,442470342;South
450;Hotel Delfin Mar;Rei Sanxo 11;7180;Santa Ponsa;Spain;2,481481;39,51308;89;2:00 PM;FALSE;FALSE;TRUE;TRUE;TRUE;TRUE;TRUE;FALSE;American Express; Visa; MasterCard; Maestro;FALSE;FALSE;7,974544302;15,45513885;66,46520902;0,142661274;West
452;BQ Amfora Beach Hotel;c/ Volanti 9;7610;Can Pastilla;Spain;2,71485;39,53692;126;2:00 PM;FALSE;FALSE;FALSE;FALSE;FALSE;FALSE;FALSE;FALSE;MasterCard; Visa;FALSE;FALSE;18,98180096;6,681432701;49,3916739;0,25744953;West
453;Grupotel Montecarlo;C/ Jovellanos 2;7458;Ca'n Picafort;Spain;3,146622;39,76785;169;2:00 PM;FALSE;TRUE;TRUE;TRUE;TRUE;TRUE;TRUE;FALSE;MasterCard; American Express; Visa;FALSE;FALSE;58,86393378;48,15389195;9,711342845;0,338582783;East
454;Hotel Brismar;Almirante Riera Alemany 6;7157;Port d'Andratx;Spain;2,386964;39,54378;56;1:00 PM;FALSE;FALSE;FALSE;TRUE;FALSE;TRUE;TRUE;FALSE;American Express; Visa; MasterCard; Maestro;TRUE;FALSE;10,74695385;22,47905318;71,54863707;0,81485873;West
455;Hotel Eden North;Cl Mestral 5;7108;Port de Soller;Spain;2,696992;39,79929;109;2:00 PM;TRUE;FALSE;TRUE;TRUE;TRUE;FALSE;TRUE;FALSE;American Express; Visa; MasterCard; Maestro;FALSE;FALSE;29,25884776;26,1219136;36,67336343;0,277211162;North
457;Hotel Cala Millor Garden;Cristofol Colom 71;7560;Cala Millor;Spain;3,380162;39,5936;158;2:00 PM;FALSE;TRUE;TRUE;TRUE;TRUE;TRUE;TRUE;TRUE;MasterCard; American Express; Visa; Diners Club Card;FALSE;FALSE;75,24761546;62,8103769;36,35191687;0,367635122;South
473;Hotel Roc Linda;C/ Octavio Augusto 2;7610;Can Pastilla;Spain;2,716282;39,53782;189;2:00 PM;TRUE;FALSE;TRUE;TRUE;FALSE;FALSE;FALSE;FALSE;MasterCard; Visa;FALSE;TRUE;19,07315422;6,738352784;49,23431821;0,348733709;West
476;Hotel Tropico Playa;Calle Paseo del Mar 38;7181;Palmanova;Spain;2,536947;39,52094;131;1:00 PM;TRUE;FALSE;TRUE;TRUE;FALSE;FALSE;TRUE;FALSE;MasterCard; American Express; Visa;FALSE;FALSE;7,549530828;10,78835564;62,09521901;0,047768255;West
478;Aparthotel Holiday Center;Avda Ramon de Moncada 40;7180;Santa Ponsa;Spain;2,484236;39,52002;240;3:00 PM;FALSE;FALSE;TRUE;TRUE;FALSE;TRUE;TRUE;FALSE;MasterCard; Visa;FALSE;FALSE;7,170884731;14,94918247;65,83274909;0,367677046;West
483;Hotel Palma Playa Los Cactus;C/ Acapulco 26;7610;Playa de Palma;Spain;2,7417;39,5242;110;2:00 PM;FALSE;FALSE;TRUE;TRUE;FALSE;TRUE;FALSE;TRUE;MasterCard; American Express; Visa;FALSE;FALSE;21,59314007;9,38163955;48,85533042;0,377033266;West
485;Hesperia Ciutat Mallorca;Francisco Vidal Sureda 24;7015;Palma de Mallorca;Spain;2,619707;39,55603;58;3:00 PM;TRUE;TRUE;TRUE;TRUE;TRUE;TRUE;TRUE;TRUE;MasterCard; American Express; Visa;TRUE;FALSE;10,56040584;2,695342162;54,08823959;1,067580103;West
487;Universal Hotel Bikini;Carabelas 9;7560;Cala Millor;Spain;3,383681;39,59882;108;12:00 PM;FALSE;FALSE;TRUE;TRUE;FALSE;TRUE;TRUE;FALSE;MasterCard; Visa;FALSE;FALSE;75,55721158;63,13856651;36,0795637;0,09588915;South
508;Hotel Gracia;c/BERGAS 12;7600;El Arenal;Spain;2,752261;39,502;78;2:00 PM;FALSE;FALSE;TRUE;FALSE;FALSE;TRUE;TRUE;FALSE;Visa; MasterCard;FALSE;FALSE;23,29961529;11,54031441;50,15718621;0,099793544;West
510;Hotel Amic Gala;C/ Xabec 5;7610;Can Pastilla;Spain;2,719246;39,53625;126;1:00 PM;TRUE;TRUE;FALSE;TRUE;FALSE;TRUE;TRUE;FALSE;MasterCard; American Express; Diners Club Card; Visa;FALSE;FALSE;19,36460488;7,045211433;49,18150725;0,118130499;West
513;whala!beach;C/ Miramar 1;7600;El Arenal;Spain;2,751541;39,50276;307;2:00 PM;FALSE;FALSE;TRUE;TRUE;FALSE;FALSE;TRUE;FALSE;MasterCard; Visa; American Express;FALSE;FALSE;23,20999471;11,4392239;50,13022346;0,041680161;West
515;Hi! Mimosa Park Hotel;Avenida Cas Sabones 28;7181;Palmanova;Spain;2,531028;39,52016;287;12:00 PM;TRUE;TRUE;TRUE;TRUE;FALSE;TRUE;TRUE;FALSE;MasterCard; American Express; Visa;FALSE;FALSE;7,441942853;11,27662738;62,55446592;0,441581557;West
518;Blue Sea La Pinta;Calle Carabelas 4;7560;Cala Millor;Spain;3,382973;39,5993;84;9:00 AM;FALSE;FALSE;TRUE;TRUE;FALSE;TRUE;TRUE;FALSE;MasterCard; American Express; Visa;FALSE;FALSE;75,49758898;63,08079238;36,00011386;0,165086524;South
521;FERGUS Tobago;Martin Ros Garcia 1;7181;Palmanova;Spain;2,540777;39,51218;273;2:00 PM;FALSE;FALSE;TRUE;TRUE;FALSE;TRUE;FALSE;FALSE;Visa; MasterCard; Maestro;FALSE;FALSE;8,573328974;11,01200925;62,42037799;0,058970448;West
524;Apartamentos Sureda;Via del Foner 49;7589;Canyamel;Spain;3,438076;39,65726;46;2:00 PM;FALSE;FALSE;TRUE;TRUE;TRUE;TRUE;TRUE;FALSE;MasterCard; American Express; Visa;TRUE;FALSE;80,58294191;68,40537982;34,73888731;0,218305542;South
529;Ola Apartamentos Bouganvillia;C/ Des Centre 4;7180;Santa Ponsa;Spain;2,47479;39,52414;614;2:00 PM;FALSE;FALSE;TRUE;FALSE;FALSE;TRUE;TRUE;FALSE;American Express; Visa; MasterCard;FALSE;FALSE;6,94716319;15,56194615;66,24739102;0,453443403;West
530;TRH Jardin del Mar;C/ Huguet des Far 1;7180;Santa Ponsa;Spain;2,472096;39,52;199;2:00 PM;FALSE;FALSE;TRUE;TRUE;TRUE;TRUE;TRUE;FALSE;MasterCard; American Express; Visa;FALSE;FALSE;7,457916135;15,92799298;66,69517046;0,381539384;West
534;Hotel Mirablau;Calle Dina Moore 6;7015;Palma de Mallorca;Spain;2,610937;39,55269;83;2:00 PM;TRUE;FALSE;TRUE;TRUE;FALSE;TRUE;TRUE;FALSE;MasterCard; Visa; American Express;TRUE;FALSE;9,96292343;3,533182112;54,90978999;0,254889332;West
535;Bahia del Sol Hotel;Avenida Jaime I 74;7180;Santa Ponsa;Spain;2,477065;39,51291;209;2:00 PM;FALSE;TRUE;TRUE;TRUE;TRUE;TRUE;FALSE;TRUE;American Express; Visa; MasterCard; Maestro;TRUE;TRUE;8,082841892;15,81152786;66,78702606;0,212612593;West
542;Hotel Canyamel Classic;Via Melesigeni s/n;7589;Canyamel;Spain;3,438682;39,65571;120;2:00 PM;FALSE;FALSE;TRUE;TRUE;FALSE;TRUE;TRUE;FALSE;MasterCard; Visa;TRUE;FALSE;80,61802801;68,43251439;34,88747873;0,118350527;South
544;FERGUS Bahia Palmanova;Paseo del Mar 14;7181;Palmanova;Spain;2,539093;39,52412;69;2:00 PM;TRUE;TRUE;TRUE;TRUE;FALSE;TRUE;TRUE;FALSE;MasterCard; Visa;FALSE;TRUE;7,306361919;10,46020832;61,73697682;0,031886647;West
546;Hotel Abelux;C/ Ramon Muntaner 30;7003;Palma de Mallorca;Spain;2,650554;39,58183;65;1:00 PM;FALSE;FALSE;FALSE;FALSE;FALSE;TRUE;TRUE;FALSE;MasterCard; American Express; Diners Club Card; Visa;FALSE;FALSE;12,76179803;1,633700642;50,24808025;2,057123414;West
548;Illot Suites & Spa;C/ Hernan Cortes 41;7590;Cala Ratjada;Spain;3,460951;39,71493;102;1:00 PM;TRUE;TRUE;TRUE;TRUE;TRUE;FALSE;TRUE;FALSE;MasterCard; American Express; Diners Club Card; Discover Card; Visa;TRUE;FALSE;83,38058713;71,50721278;32,83389955;0,448383785;South
551;Na Taconera;Av. Canamel S/N;7589;#NV;Spain;3,449915;39,687;217;1:00 PM;TRUE;TRUE;TRUE;TRUE;TRUE;TRUE;TRUE;TRUE;MasterCard; JCB International; Visa;FALSE;FALSE;81,9732206;69,94599183;33,60691676;#NV;South
556;Caribbean Bay;Calle Dels Trencadors 48;7600;El Arenal;Spain;2,753451;39,50146;229;2:00 PM;FALSE;FALSE;TRUE;TRUE;FALSE;FALSE;TRUE;FALSE;MasterCard; Visa;FALSE;FALSE;23,41694654;11,65738338;50,14007191;0,209862753;West
558;Eix Alzinar Mar;Cr/ Arta-Alcudia Sec. Pol. 6;7458;Ca'n Picafort;Spain;3,142159;39,77101;125;2:00 PM;TRUE;FALSE;TRUE;TRUE;TRUE;TRUE;TRUE;TRUE;MasterCard; American Express; Visa;FALSE;FALSE;58,62925902;47,97960477;9,288016126;0,363025479;East
559;Pinero Hotel Bahia De Palma;Calle Trencadors 74. El Arenal;7600;El Arenal;Spain;2,75291;39,50029;423;3:00 PM;TRUE;FALSE;TRUE;TRUE;FALSE;FALSE;TRUE;FALSE;MasterCard; American Express; Visa;FALSE;FALSE;23,42518737;11,70368151;50,27055391;0,207649346;West
563;Hotel HSM Don Juan;Calderon de la Barca 4;7182;Magaluf;Spain;2,529033;39,50365;182;2:00 PM;FALSE;FALSE;TRUE;TRUE;FALSE;TRUE;TRUE;FALSE;MasterCard; Visa;FALSE;FALSE;9,143327337;12,37820007;63,79643243;0,382734876;West
573;Hotel Bahamas;Avenida de Europa S/N;7600;#NV;Spain;2,755186;39,49665;25;1:00 PM;TRUE;FALSE;TRUE;TRUE;TRUE;TRUE;TRUE;TRUE;MasterCard; Visa; American Express;FALSE;FALSE;23,76587095;12,11317027;50,46614054;#NV;West
577;HSM Reina del Mar;C/ Baleares S/N;7600;El Arenal;Spain;2,754377;39,50096;180;2:00 PM;TRUE;FALSE;TRUE;TRUE;FALSE;TRUE;TRUE;FALSE;Visa; MasterCard;FALSE;FALSE;23,51171057;11,75406309;50,13387221;0,299413699;West
581;Ipanema Park;C/ Antoni Maria Alcover 11;7600;El Arenal;Spain;2,75388;39,49791;210;2:00 PM;FALSE;FALSE;TRUE;TRUE;FALSE;TRUE;TRUE;FALSE;MasterCard; Visa;TRUE;FALSE;23,60685312;11,93717027;50,42565395;0,455717461;West
583;Northeste Playa;Via Francia 10;7458;Ca'n Picafort;Spain;3,15181;39,76653;233;1:00 PM;FALSE;FALSE;TRUE;TRUE;TRUE;TRUE;FALSE;FALSE;MasterCard; American Express; Visa;TRUE;FALSE;59,22987833;48,48092375;9,961961568;0,150810084;East
586;FERGUS Capi Playa;CEasta Brava 4;7610;Playa de Palma;Spain;2,739923;39,52268;78;6:00 AM;TRUE;FALSE;TRUE;FALSE;FALSE;TRUE;TRUE;FALSE;MasterCard; Visa;FALSE;FALSE;21,5005238;9,339699705;49,08275607;0,160404158;West
587;Hotel Antares;Boulevard 23;7660;Cala d'Or;Spain;3,229532;39,37539;40;2:00 PM;TRUE;FALSE;TRUE;TRUE;FALSE;TRUE;FALSE;FALSE;Visa; MasterCard;FALSE;FALSE;66,56938079;54,28481405;53,87905255;0,257294766;South
590;Manaus;Jose Maria Cuadrado 7;7600;El Arenal;Spain;2,754368;39,49723;32;2:00 PM;TRUE;TRUE;TRUE;TRUE;FALSE;FALSE;TRUE;FALSE;MasterCard; American Express; Visa;TRUE;FALSE;23,6756323;12,01798233;50,45895099;0,540903539;West
591;HSM S'Olivera;Calle Eucaliptus 16;7160;Peguera;Spain;2,447259;39,53998;161;12:00 PM;FALSE;FALSE;TRUE;TRUE;FALSE;TRUE;TRUE;FALSE;MasterCard; Visa;FALSE;FALSE;6,682037477;17,42785185;67,29132549;0,348639415;West
593;Hotel Abelay;C/pablo Iglesias 49;7004;Palma de Mallorca;Spain;2,654903;39,58276;55;1:00 PM;FALSE;FALSE;FALSE;TRUE;FALSE;TRUE;TRUE;FALSE;MasterCard; Visa;FALSE;FALSE;13,13338495;1,828349322;49,88862148;2,087975188;West
594;Blue Sea CEasta Verde;Avda. Europa 33;7600;El Arenal;Spain;2,75619;39,49512;127;2:00 PM;TRUE;FALSE;TRUE;TRUE;FALSE;TRUE;TRUE;FALSE;MasterCard; American Express; Visa;FALSE;FALSE;23,91384521;12,28919315;50,54681277;0,777704999;West
596;BQ Anfora Hotel;C/ Sant Antoni de la Platja 41;7610;Can Pastilla;Spain;2,714013;39,53463;61;12:00 PM;FALSE;FALSE;FALSE;TRUE;FALSE;FALSE;FALSE;FALSE;MasterCard; Visa;TRUE;FALSE;18,98377849;6,753091703;49,62351025;0,029753923;West
611;Hotel Negresco;Calle Neopatria 2;7610;Playa de Palma;Spain;2,73611;39,52689;90;2:00 PM;FALSE;FALSE;TRUE;TRUE;FALSE;TRUE;FALSE;FALSE;American Express; Visa; MasterCard; Maestro;FALSE;FALSE;21,04618412;8,817054786;48,95184556;0,216496058;West
614;TRH Magaluf;C/ Martin Ros Garcia 15;7181;Palmanova;Spain;2,541437;39,51018;211;12:00 PM;FALSE;FALSE;TRUE;TRUE;TRUE;FALSE;TRUE;FALSE;MasterCard; American Express; Visa;FALSE;FALSE;8,800037277;11,09085796;62,51127346;0,081148987;West
618;Hotel Miranda;Calle Puig Blanch 12;7180;Santa Ponsa;Spain;2,485286;39,51512;30;2:00 PM;FALSE;TRUE;TRUE;TRUE;FALSE;TRUE;TRUE;FALSE;MasterCard; Visa;FALSE;FALSE;7,687613982;15,06652914;66,06798994;0,395659276;West
619;Hotel Peymar;Passeig Neptu 1 07687;7687;S'illot;Spain;3,372679;39,56704;100;2:00 PM;FALSE;FALSE;TRUE;TRUE;FALSE;FALSE;TRUE;FALSE;Visa; MasterCard;FALSE;FALSE;74,63366338;62,11344448;38,37407878;0,020305567;South
622;BelleVue Vistanova;Calle Berganti 2;7183;Palmanova;Spain;2,540333;39,51083;198;2:00 PM;FALSE;TRUE;TRUE;TRUE;FALSE;FALSE;TRUE;FALSE;MasterCard; American Express; Discover Card; Visa;FALSE;FALSE;8,69693438;11,12763391;62,54203406;0,132482366;West
631;Mac Paradiso Garden;Calle Perla 28;7600;Playa de Palma;Spain;2,751518;39,5122;118;12:00 PM;FALSE;FALSE;TRUE;TRUE;FALSE;TRUE;TRUE;FALSE;MasterCard; American Express; Diners Club Card; Visa;FALSE;FALSE;22,82356143;10,81027936;49,3201656;0,280924029;West
639;Millor Sun Hotel;Avda. Juan Servera Camps s/n;7560;Cala Millor;Spain;3,380849;39,60591;112;1:00 PM;FALSE;FALSE;TRUE;TRUE;FALSE;FALSE;TRUE;FALSE;Visa; MasterCard; Maestro;FALSE;FALSE;75,33324555;62,94197717;35,31277764;0,582606221;South
642;Iris Hotel;Amilcar 3;7600;El Arenal;Spain;2,752671;39,50631;63;1:00 PM;FALSE;FALSE;TRUE;TRUE;FALSE;TRUE;TRUE;FALSE;American Express; Visa; MasterCard; Maestro;FALSE;FALSE;23,15049507;11,27313611;49,76285128;0,115682504;West
643;Blue Sea Don Jaime;Sa Jordana 20;7560;Cala Millor;Spain;3,386208;39,60577;93;2:00 PM;FALSE;FALSE;TRUE;TRUE;FALSE;FALSE;FALSE;TRUE;MasterCard; American Express; Visa;FALSE;FALSE;75,79141299;63,39885063;35,61456859;0,366105491;South
644;Hotel Raxa;Garza 14;7610;Playa de Palma;Spain;2,731621;39,53015;42;2:00 PM;FALSE;FALSE;TRUE;FALSE;FALSE;TRUE;TRUE;FALSE;American Express; Visa; MasterCard; Maestro;TRUE;FALSE;20,572196;8,302190494;48,94405926;0,175010576;West
645;Sensity Chillout Hotel Cala Ratjada;Avda. Floreal s/n;7590;Cala Ratjada;Spain;3,455374;39,7124;119;3:00 PM;FALSE;FALSE;TRUE;TRUE;TRUE;TRUE;TRUE;FALSE;MasterCard; Visa;FALSE;FALSE;82,86317511;70,97965981;32,54809485;0,578430671;South
647;Grupotel Orient;C/ de la Duna 3;7600;Playa de Palma;Spain;2,75314;39,51465;273;2:00 PM;TRUE;TRUE;TRUE;TRUE;TRUE;TRUE;TRUE;FALSE;MasterCard; American Express; Visa;FALSE;FALSE;22,86158928;10,77473036;49,0219545;0,529953002;West
649;Kilimanjaro Hotel;Calle General y Gran Consell 47;7600;El Arenal;Spain;2,754644;39,50034;142;2:00 PM;FALSE;FALSE;TRUE;TRUE;TRUE;FALSE;FALSE;FALSE;MasterCard; Visa;FALSE;FALSE;23,55970923;11,8151956;50,17347245;0,33931913;West
651;Apartamentos Deya;Calle Ramon de Moncada 27;7180;Santa Ponsa;Spain;2,48162;39,51963;174;2:00 PM;FALSE;FALSE;TRUE;FALSE;TRUE;FALSE;TRUE;FALSE;MasterCard; Visa;FALSE;FALSE;7,262696209;15,17435842;66,04231737;0,163171127;West
659;BQ Sarah Hotel;Avda Diagonal 6;7458;Ca'n Picafort;Spain;3,166737;39,75958;113;12:00 PM;FALSE;FALSE;TRUE;TRUE;FALSE;FALSE;TRUE;FALSE;MasterCard; Visa;FALSE;FALSE;60,17689615;49,2825893;11,09076569;0,25407475;East
662;Hotel Marbel;C/ Plini 2;7610;Can Pastilla;Spain;2,716627;39,53699;67;2:00 PM;FALSE;FALSE;TRUE;TRUE;FALSE;TRUE;TRUE;FALSE;MasterCard; Visa;FALSE;FALSE;19,1262993;6,809385841;49,27941355;0,262864191;West
665;Baviera Hotel;Calle Xuclamel 22;7590;Cala Ratjada;Spain;3,458802;39,70913;57;1:00 PM;FALSE;FALSE;TRUE;TRUE;FALSE;TRUE;TRUE;FALSE;MasterCard; Visa;FALSE;TRUE;83,09197341;71,18563413;32,98039162;0,179179441;South
673;Riviera Playa Hotel;Marbella 26;7610;Playa de Palma;Spain;2,735895;39,52589;74;2:00 PM;FALSE;FALSE;FALSE;FALSE;FALSE;FALSE;FALSE;FALSE;Visa; MasterCard;FALSE;FALSE;21,0620405;8,858476267;49,04666137;0,123548297;West
680;Riutort;CL Bartolome Calafell 13;7600;El Arenal;Spain;2,75373;39,50789;195;2:00 PM;FALSE;TRUE;TRUE;TRUE;TRUE;TRUE;TRUE;FALSE;MasterCard; Visa;FALSE;FALSE;23,17068473;11,24169016;49,5693954;0,257528267;West
681;Hotel Club Europa;De la Savina 16;7182;Peguera;Spain;2,436196;39,53922;413;2:00 PM;TRUE;TRUE;TRUE;TRUE;TRUE;FALSE;TRUE;TRUE;Visa; MasterCard;FALSE;FALSE;7,428405221;18,37618787;68,1462422;0,741643168;West
682;HSM Linda Playa;Calle Taronger 2;7160;Peguera;Spain;2,452028;39,53834;142;12:00 PM;FALSE;TRUE;TRUE;TRUE;TRUE;TRUE;TRUE;FALSE;MasterCard; Visa;FALSE;FALSE;6,542069883;17,05930295;67,03805558;0,11031349;West
684;Amazonas Hotel;San Bartomeu 4;7600;El Arenal;Spain;2,751797;39,49952;157;2:00 PM;FALSE;FALSE;TRUE;TRUE;FALSE;FALSE;TRUE;FALSE;Visa; MasterCard;TRUE;FALSE;23,3715219;11,68526828;50,39698525;0,206972624;West
685;Apartamentos Playamar;Sa CEasta den Nofre s/n;7650;Cala Santanyi;Spain;3,147645;39,33329;6;4:00 PM;FALSE;FALSE;FALSE;FALSE;FALSE;FALSE;FALSE;FALSE;Visa; MasterCard;FALSE;FALSE;61,9961645;50,17389792;57,79522577;0,301313756;South
689;Bari;Bellamar 16;7610;Can Pastilla;Spain;2,716384;39,53554;29;1:00 PM;FALSE;FALSE;FALSE;TRUE;FALSE;TRUE;TRUE;FALSE;MasterCard; Visa;FALSE;FALSE;19,15032142;6,872711158;49,40915394;0,103482311;West
692;Blue Sea Torre Arenal;Calle Baleares 2;7600;El Arenal;Spain;2,754547;39,5015;162;1:00 PM;FALSE;FALSE;TRUE;TRUE;FALSE;FALSE;TRUE;FALSE;MasterCard; Visa;FALSE;FALSE;23,50182477;11,72787654;50,0778888;0,302523109;West
695;HM Balanguera Beach;Calle Marbella 35;7610;Playa de Palma;Spain;2,735824;39,52608;96;2:00 PM;FALSE;FALSE;FALSE;FALSE;FALSE;FALSE;FALSE;FALSE;MasterCard; American Express; Visa;FALSE;FALSE;21,04984472;8,84231232;49,03506399;0,137246943;West
698;Hotel HSM Alejandria;C/ Antas de Ulla 14;7610;Playa de Palma;Spain;2,75517;39,50922;221;2:00 PM;FALSE;FALSE;TRUE;TRUE;FALSE;TRUE;TRUE;FALSE;Visa; MasterCard;FALSE;FALSE;23,2329299;11,25632803;49,3768397;0,433114055;West
699;Hotel HSM Europa;San Bartolome 16;7600;El Arenal;Spain;2,753248;39,49925;134;2:00 PM;TRUE;FALSE;TRUE;TRUE;FALSE;TRUE;TRUE;FALSE;Visa; MasterCard;FALSE;FALSE;23,49758646;11,79982733;50,34278784;0,306828101;West
700;Hotel HSM Reina Isabel;Avenida Europa 3;7600;El Arenal;Spain;2,754535;39,49868;180;12:00 PM;FALSE;FALSE;TRUE;TRUE;FALSE;TRUE;TRUE;FALSE;MasterCard; Visa;FALSE;FALSE;23,62403674;11,92513711;50,32371363;0,429034137;West
701;Hotel Mix Peru Playa;Mar de Aral 12;7600;Playa de Palma;Spain;2,746215;39,52203;29;2:00 PM;FALSE;FALSE;FALSE;TRUE;FALSE;TRUE;FALSE;FALSE;Visa; MasterCard;FALSE;FALSE;22,03549295;9,837520851;48,78174905;0,515583796;West
709;Playa Blanca Hotel;Carre Llevant 12;7687;S'illot;Spain;3,372672;39,56981;102;2:00 PM;FALSE;FALSE;TRUE;TRUE;TRUE;TRUE;TRUE;FALSE;Visa; MasterCard; Maestro;TRUE;TRUE;74,62482206;62,11221816;38,11901113;0,235291756;South
715;smartline Lancaster;C/ San Ramon Nonato 16;7610;Playa de Palma;Spain;2,747054;39,52041;282;12:00 PM;TRUE;TRUE;TRUE;TRUE;FALSE;TRUE;TRUE;FALSE;MasterCard; American Express; Visa;FALSE;FALSE;22,16010025;9,992149232;48,87088022;0,456993186;West
723;Bahia de Alcudia;Avenida de La Playa 6;7410;Port d'Alcudia;Spain;3,128346;39,84316;236;2:00 PM;FALSE;TRUE;TRUE;TRUE;FALSE;TRUE;TRUE;FALSE;MasterCard; American Express; Visa;FALSE;TRUE;60,8713324;51,27306032;1,260287226;0,248979348;East
864;Aimia Hotel;Santa Maria del Cami 1;7108;Port de Soller;Spain;2,697596;39,79611;43;2:00 PM;FALSE;TRUE;TRUE;TRUE;TRUE;TRUE;TRUE;TRUE;MasterCard; American Express; Diners Club Card; Visa;TRUE;FALSE;28,99954639;25,78181116;36,68257307;0,084005333;North
865;Almudaina Hotel;Avda Jaime III 9;7012;Palma de Mallorca;Spain;2,64524;39,57182;78;2:00 PM;TRUE;TRUE;FALSE;TRUE;FALSE;TRUE;FALSE;FALSE;MasterCard; American Express; Diners Club Card; Visa;TRUE;FALSE;12,37104765;0,539145566;51,28463348;1,341846068;West
868;Hoposa Uyal Hotel;Passeig Londres s/n;7470;Port de Pollenca;Spain;3,078055;39,8954;115;2:00 PM;FALSE;TRUE;TRUE;TRUE;FALSE;TRUE;TRUE;TRUE;MasterCard; Visa;FALSE;FALSE;60,25307947;51,79314533;5,96747499;0,031005512;East
869;Luxury Boutique Hotel Can Alomar;Calle Sant Feliu 1;7012;Palma de Mallorca;Spain;2,64619;39,57004;16;3:00 PM;FALSE;FALSE;TRUE;TRUE;FALSE;TRUE;TRUE;FALSE;MasterCard; American Express; Diners Club Card; Discover Card; JCB International; Visa;TRUE;FALSE;12,47371329;0,325295784;51,34156987;1,156498536;West
873;Hotel Tres;Calle Apuntadors 3;7012;#NV;Spain;2,645431;39,56886;41;3:00 PM;FALSE;TRUE;TRUE;TRUE;FALSE;TRUE;TRUE;FALSE;MasterCard; American Express; Diners Club Card; Visa;TRUE;FALSE;12,42534156;0,25090731;51,47347439;#NV;West
874;Hotel Illa d'Or;Paseo Colon 265;7470;Port de Pollenca;Spain;3,094604;39,91003;119;2:00 PM;FALSE;TRUE;TRUE;TRUE;TRUE;TRUE;TRUE;FALSE;MasterCard; American Express; Diners Club Card; Visa;TRUE;FALSE;62,34302969;53,93933517;6,725017115;1,149408723;East
888;Hotel Villa Italia;Camino de San Carlos 13;7157;Port d'Andratx;Spain;2,384124;39,54142;21;2:00 PM;TRUE;FALSE;TRUE;TRUE;FALSE;TRUE;TRUE;FALSE;MasterCard; American Express; Visa;TRUE;TRUE;11,07698077;22,75278466;71,88858512;0,66496592;West
904;Es Port Hotel;Calle Antonio Montis s/n;7108;Soller;Spain;2,697447;39,7968;150;2:00 PM;TRUE;FALSE;TRUE;TRUE;TRUE;TRUE;TRUE;TRUE;MasterCard; American Express; Diners Club Card; JCB International; Visa;FALSE;FALSE;29,05474879;25,8553147;36,68178896;0,10297189;North
908;Apartamentos Cala d'Or Playa;Avda. Punta Grossa 1;7660;Cala d'Or;Spain;3,235677;39,37407;116;2:00 PM;FALSE;FALSE;TRUE;TRUE;FALSE;TRUE;TRUE;TRUE;MasterCard; American Express; Visa;FALSE;FALSE;67,11515619;54,82764914;54,11649744;0,25409549;South
911;Hotel Bon Repos;Avda Rey Sancho 8;7180;Santa Ponsa;Spain;2,48202;39,51324;55;2:00 PM;FALSE;FALSE;TRUE;TRUE;FALSE;TRUE;TRUE;FALSE;MasterCard; Visa;FALSE;FALSE;7,947331829;15,40565862;66,41712786;0,172144749;West
916;Inturotel Esmeralda Garden;Avenida de Sa Punta Grossa s/n;7660;Cala d'Or;Spain;3,233259;39,3772;74;1:00 PM;TRUE;FALSE;TRUE;TRUE;TRUE;TRUE;TRUE;TRUE;MasterCard; American Express; Visa;FALSE;FALSE;66,79934986;54,50007349;53,73706033;0,332379662;South
918;SENTIDO Castell de Mar;C/ Bonanza 1;7560;Cala Millor;Spain;3,383357;39,59613;230;12:00 PM;FALSE;FALSE;TRUE;TRUE;TRUE;TRUE;TRUE;TRUE;MasterCard; Visa; American Express; Diners Club Card;FALSE;FALSE;75,52464403;63,09620597;36,2971983;0,077704656;South
929;Hoposa Pollentia Hotel;Paseo Londres 62;7470;Port de Pollenca;Spain;3,078346;39,89655;70;2:00 PM;TRUE;FALSE;TRUE;TRUE;FALSE;TRUE;TRUE;FALSE;MasterCard; Visa;FALSE;FALSE;60,34672442;51,90059231;6,053912263;0,029185079;East
936;L'HEastal Hotel de Interior;C/ Mercat 18;7460;Pollenca;Spain;3,017165;39,87777;6;12:00 PM;FALSE;FALSE;FALSE;TRUE;FALSE;TRUE;TRUE;FALSE;MasterCard; American Express; Visa;FALSE;FALSE;54,89361014;46,77610258;9,273996568;5,339535787;North
951;IBEREastAR Cala Millor;C/Castell 7;7560;Cala Millor;Spain;3,38538;39,58661;171;3:00 PM;TRUE;FALSE;TRUE;TRUE;TRUE;TRUE;TRUE;FALSE;MasterCard; American Express; Diners Club Card; Visa;FALSE;TRUE;75,69028947;63,22885649;37,24042524;0,083886857;South
1023;Flor los Almendros;Avda de Paguera 36 y 38;7160;Peguera;Spain;2,447254;39,53701;69;2:00 PM;FALSE;FALSE;TRUE;TRUE;FALSE;TRUE;TRUE;FALSE;Visa; MasterCard; Maestro;FALSE;FALSE;6,923169267;17,48916141;67,46392692;0,122901988;West
1072;Hotel Aries;C/ Porras 3;7015;Palma de Mallorca;Spain;2,624766;39,56168;349;2:00 PM;FALSE;FALSE;FALSE;FALSE;FALSE;TRUE;TRUE;FALSE;MasterCard; Visa;TRUE;FALSE;10,8204321;2,050463473;53,36166278;1,778379401;West
